{"stats":{"minecraft:picked_up":{"minecraft:rotten_flesh":1,"minecraft:wheat_seeds":1,"minecraft:iron_ingot":4,"minecraft:porkchop":7,"minecraft:poppy":2},"minecraft:used":{"minecraft:warden_spawn_egg":1,"minecraft:netherite_sword":60,"minecraft:firework_rocket":45,"minecraft:elytra":1},"minecraft:custom":{"minecraft:time_since_rest":7950,"minecraft:walk_one_cm":7176,"minecraft:play_time":7950,"minecraft:sprint_one_cm":20766,"minecraft:damage_taken":30,"minecraft:mob_kills":4,"minecraft:aviate_one_cm":374350,"minecraft:jump":158,"minecraft:damage_dealt":5903,"minecraft:time_since_death":7950,"minecraft:total_world_time":7950,"minecraft:fall_one_cm":1902,"minecraft:fly_one_cm":45230},"minecraft:mined":{"minecraft:dead_bush":1},"minecraft:killed":{"minecraft:iron_golem":1,"minecraft:pig":3}},"DataVersion":3953}