{"stats":{"minecraft:picked_up":{"minecraft:sculk_catalyst":1,"minecraft:rotten_flesh":1,"minecraft:wheat_seeds":1,"minecraft:iron_ingot":4,"minecraft:porkchop":7,"minecraft:poppy":2,"minecraft:mutton":4,"minecraft:white_wool":1},"minecraft:used":{"minecraft:warden_spawn_egg":2,"minecraft:netherite_sword":115,"minecraft:firework_rocket":51,"minecraft:elytra":1,"minecraft:cobweb":38},"minecraft:custom":{"minecraft:time_since_rest":12165,"minecraft:walk_one_cm":12133,"minecraft:play_time":12165,"minecraft:sprint_one_cm":29901,"minecraft:damage_taken":30,"minecraft:sneak_time":74,"minecraft:mob_kills":6,"minecraft:drop":3,"minecraft:aviate_one_cm":378346,"minecraft:jump":238,"minecraft:damage_dealt":11234,"minecraft:leave_game":1,"minecraft:time_since_death":12165,"minecraft:total_world_time":12165,"minecraft:fall_one_cm":1902,"minecraft:fly_one_cm":75951},"minecraft:mined":{"minecraft:dead_bush":1},"minecraft:dropped":{"minecraft:rotten_flesh":1,"minecraft:porkchop":7,"minecraft:wheat_seeds":1},"minecraft:killed":{"minecraft:iron_golem":1,"minecraft:warden":2,"minecraft:pig":3}},"DataVersion":3953}